Species,Phytopathogen,Reference
Acetobacter aceti,Phytopathogen,"Bull, C. T., De Boer, S. H., Denny, T. P., Firrao, G., Saux, M. F. L., Saddler, G. S., ... & Takikawa, Y. (2010). Comprehensive list of names of plant pathogenic bacteria, 1980-2007.?Journal of plant pathology, 551-592."
Acetobacter pasteurianus,Phytopathogen,"Bull, C. T., De Boer, S. H., Denny, T. P., Firrao, G., Saux, M. F. L., Saddler, G. S., ... & Takikawa, Y. (2010). Comprehensive list of names of plant pathogenic bacteria, 1980-2007.?Journal of plant pathology, 551-592."
Acidovorax anthurii,Phytopathogen,"Bull, C. T., De Boer, S. H., Denny, T. P., Firrao, G., Saux, M. F. L., Saddler, G. S., ... & Takikawa, Y. (2010). Comprehensive list of names of plant pathogenic bacteria, 1980-2007.?Journal of plant pathology, 551-592."
Acidovorax avenae,Phytopathogen,"Bull, C. T., De Boer, S. H., Denny, T. P., Firrao, G., Saux, M. F. L., Saddler, G. S., ... & Takikawa, Y. (2010). Comprehensive list of names of plant pathogenic bacteria, 1980-2007.?Journal of plant pathology, 551-592."
Acidovorax cattleyae,Phytopathogen,"Bull, C. T., De Boer, S. H., Denny, T. P., Firrao, G., Fischer-Le Saux, M., Saddler, G. S., ... & Takikawa, Y. (2012). LIST OF NEW NAMES OF PLANT PATHOGENIC BACTERIA (2008-2010) Prepared by the International Society of Plant Pathology Committee on the Taxonomy of Plant Pathogenic Bacteria (ISPP-CTPPB).?Journal of Plant Pathology, 21-27."
Acidovorax citrulli,Phytopathogen,"Bull, C. T., De Boer, S. H., Denny, T. P., Firrao, G., Fischer-Le Saux, M., Saddler, G. S., ... & Takikawa, Y. (2012). LIST OF NEW NAMES OF PLANT PATHOGENIC BACTERIA (2008-2010) Prepared by the International Society of Plant Pathology Committee on the Taxonomy of Plant Pathogenic Bacteria (ISPP-CTPPB).?Journal of Plant Pathology, 21-27."
Acidovorax konjaci,Phytopathogen,"Bull, C. T., De Boer, S. H., Denny, T. P., Firrao, G., Saux, M. F. L., Saddler, G. S., ... & Takikawa, Y. (2010). Comprehensive list of names of plant pathogenic bacteria, 1980-2007.?Journal of plant pathology, 551-592."
Acidovorax oryzae,Phytopathogen,"Bull, C. T., De Boer, S. H., Denny, T. P., Firrao, G., Fischer-Le Saux, M., Saddler, G. S., ... & Takikawa, Y. (2012). LIST OF NEW NAMES OF PLANT PATHOGENIC BACTERIA (2008-2010) Prepared by the International Society of Plant Pathology Committee on the Taxonomy of Plant Pathogenic Bacteria (ISPP-CTPPB).?Journal of Plant Pathology, 21-27."
Acidovorax valerianellae,Phytopathogen,"Bull, C. T., De Boer, S. H., Denny, T. P., Firrao, G., Saux, M. F. L., Saddler, G. S., ... & Takikawa, Y. (2010). Comprehensive list of names of plant pathogenic bacteria, 1980-2007.?Journal of plant pathology, 551-592."
Agrobacterium tumefaciens,Phytopathogen,"Mansfield, J., Genin, S., Magori, S., Citovsky, V., Sriariyanum, M., Ronald, P., ... & Foster, G. D. (2012). Top 10 plant pathogenic bacteria in molecular plant pathology.?Molecular plant pathology,?13(6), 614-629."
Arthrobacter ilicis,Phytopathogen,"Bull, C. T., De Boer, S. H., Denny, T. P., Firrao, G., Saux, M. F. L., Saddler, G. S., ... & Takikawa, Y. (2010). Comprehensive list of names of plant pathogenic bacteria, 1980-2007.?Journal of plant pathology, 551-592."
Bacillus megaterium,Phytopathogen,"Bull, C. T., De Boer, S. H., Denny, T. P., Firrao, G., Saux, M. F. L., Saddler, G. S., ... & Takikawa, Y. (2010). Comprehensive list of names of plant pathogenic bacteria, 1980-2007.?Journal of plant pathology, 551-592."
Bacillus pumilus,Phytopathogen,"Bull, C. T., De Boer, S. H., Denny, T. P., Firrao, G., Saux, M. F. L., Saddler, G. S., ... & Takikawa, Y. (2010). Comprehensive list of names of plant pathogenic bacteria, 1980-2007.?Journal of plant pathology, 551-592."
Brenneria alni,Phytopathogen,"Bull, C. T., De Boer, S. H., Denny, T. P., Firrao, G., Saux, M. F. L., Saddler, G. S., ... & Takikawa, Y. (2010). Comprehensive list of names of plant pathogenic bacteria, 1980-2007.?Journal of plant pathology, 551-592."
Brenneria goodwinii,Phytopathogen,"Bull, C. T., Coutinho, T. A., Denny, T. P., Firrao, G., Fischer-Le Saux, M., Li, X., ... & Takikawa, Y. (2014). List of new names of plant pathogenic bacteria (2011-2012).?Journal of Plant Pathology,?96(2), 223-226."
Brenneria nigrifluens,Phytopathogen,"Bull, C. T., De Boer, S. H., Denny, T. P., Firrao, G., Saux, M. F. L., Saddler, G. S., ... & Takikawa, Y. (2010). Comprehensive list of names of plant pathogenic bacteria, 1980-2007.?Journal of plant pathology, 551-592."
Brenneria populi,Phytopathogen,"Louca, S., Parfrey, L. W., & Doebeli, M. (2016). Decoupling function and taxonomy in the global ocean microbiome.?Science,?353(6305), 1272-1277."
Brenneria quercina,Phytopathogen,"Bull, C. T., De Boer, S. H., Denny, T. P., Firrao, G., Saux, M. F. L., Saddler, G. S., ... & Takikawa, Y. (2010). Comprehensive list of names of plant pathogenic bacteria, 1980-2007.?Journal of plant pathology, 551-592."
Brenneria roseae,Phytopathogen,"Louca, S., Parfrey, L. W., & Doebeli, M. (2016). Decoupling function and taxonomy in the global ocean microbiome.?Science,?353(6305), 1272-1277."
Brenneria rubrifaciens,Phytopathogen,"Bull, C. T., De Boer, S. H., Denny, T. P., Firrao, G., Saux, M. F. L., Saddler, G. S., ... & Takikawa, Y. (2010). Comprehensive list of names of plant pathogenic bacteria, 1980-2007.?Journal of plant pathology, 551-592."
Brenneria rubrifasciens,Phytopathogen,"Louca, S., Parfrey, L. W., & Doebeli, M. (2016). Decoupling function and taxonomy in the global ocean microbiome.?Science,?353(6305), 1272-1277."
Brenneria salicis,Phytopathogen,"Bull, C. T., De Boer, S. H., Denny, T. P., Firrao, G., Saux, M. F. L., Saddler, G. S., ... & Takikawa, Y. (2010). Comprehensive list of names of plant pathogenic bacteria, 1980-2007.?Journal of plant pathology, 551-592."
Brevibacillus laterosporous,Phytopathogen,"Louca, S., Parfrey, L. W., & Doebeli, M. (2016). Decoupling function and taxonomy in the global ocean microbiome.?Science,?353(6305), 1272-1277."
Brevundimonas diminuta,Phytopathogen,"Louca, S., Parfrey, L. W., & Doebeli, M. (2016). Decoupling function and taxonomy in the global ocean microbiome.?Science,?353(6305), 1272-1277."
Burkholderia ambifaria,Phytopathogen,"Louca, S., Parfrey, L. W., & Doebeli, M. (2016). Decoupling function and taxonomy in the global ocean microbiome.?Science,?353(6305), 1272-1277."
Burkholderia andropogonis,Phytopathogen,"Bull, C. T., De Boer, S. H., Denny, T. P., Firrao, G., Saux, M. F. L., Saddler, G. S., ... & Takikawa, Y. (2010). Comprehensive list of names of plant pathogenic bacteria, 1980-2007.?Journal of plant pathology, 551-592."
Burkholderia caledonica,Phytopathogen,"Louca, S., Parfrey, L. W., & Doebeli, M. (2016). Decoupling function and taxonomy in the global ocean microbiome.?Science,?353(6305), 1272-1277."
Burkholderia caryophylli,Phytopathogen,"Bull, C. T., De Boer, S. H., Denny, T. P., Firrao, G., Saux, M. F. L., Saddler, G. S., ... & Takikawa, Y. (2010). Comprehensive list of names of plant pathogenic bacteria, 1980-2007.?Journal of plant pathology, 551-592."
Burkholderia cepacia,Phytopathogen,"Bull, C. T., De Boer, S. H., Denny, T. P., Firrao, G., Saux, M. F. L., Saddler, G. S., ... & Takikawa, Y. (2010). Comprehensive list of names of plant pathogenic bacteria, 1980-2007.?Journal of plant pathology, 551-592."
Burkholderia gladioli,Phytopathogen,"Bull, C. T., De Boer, S. H., Denny, T. P., Firrao, G., Saux, M. F. L., Saddler, G. S., ... & Takikawa, Y. (2010). Comprehensive list of names of plant pathogenic bacteria, 1980-2007.?Journal of plant pathology, 551-592."
Burkholderia glumae,Phytopathogen,"Bull, C. T., De Boer, S. H., Denny, T. P., Firrao, G., Saux, M. F. L., Saddler, G. S., ... & Takikawa, Y. (2010). Comprehensive list of names of plant pathogenic bacteria, 1980-2007.?Journal of plant pathology, 551-592."
Burkholderia multivorans,Phytopathogen,"Louca, S., Parfrey, L. W., & Doebeli, M. (2016). Decoupling function and taxonomy in the global ocean microbiome.?Science,?353(6305), 1272-1277."
Burkholderia plantarii,Phytopathogen,"Bull, C. T., De Boer, S. H., Denny, T. P., Firrao, G., Saux, M. F. L., Saddler, G. S., ... & Takikawa, Y. (2010). Comprehensive list of names of plant pathogenic bacteria, 1980-2007.?Journal of plant pathology, 551-592."
Burkholderia sacchari,Phytopathogen,"Louca, S., Parfrey, L. W., & Doebeli, M. (2016). Decoupling function and taxonomy in the global ocean microbiome.?Science,?353(6305), 1272-1277."
Burkholderia stabilis,Phytopathogen,"Louca, S., Parfrey, L. W., & Doebeli, M. (2016). Decoupling function and taxonomy in the global ocean microbiome.?Science,?353(6305), 1272-1277."
Burkholderia vietnamensis,Phytopathogen,"Louca, S., Parfrey, L. W., & Doebeli, M. (2016). Decoupling function and taxonomy in the global ocean microbiome.?Science,?353(6305), 1272-1277."
Citrobacter amalonaticus,Phytopathogen,"Du, X., Luo, J., Huang, K., Yu, R., & Sang, J. (2020, August). Isolation and identification of a novel ginger tissue pathogenic bacteria Citrobacter sp. SJ7. In?IOP Conference Series: Earth and Environmental Science?(Vol. 559, No. 1, p. 012014). IOP Publishing."
Clavibacter michiganensis,Phytopathogen,"Bull, C. T., De Boer, S. H., Denny, T. P., Firrao, G., Saux, M. F. L., Saddler, G. S., ... & Takikawa, Y. (2010). Comprehensive list of names of plant pathogenic bacteria, 1980-2007.?Journal of plant pathology, 551-592."
Clostridium puniceum,Phytopathogen,"Bull, C. T., De Boer, S. H., Denny, T. P., Firrao, G., Saux, M. F. L., Saddler, G. S., ... & Takikawa, Y. (2010). Comprehensive list of names of plant pathogenic bacteria, 1980-2007.?Journal of plant pathology, 551-592."
Corynebacterium,Phytopathogen,"Bull, C. T., De Boer, S. H., Denny, T. P., Firrao, G., Saux, M. F. L., Saddler, G. S., ... & Takikawa, Y. (2010). Comprehensive list of names of plant pathogenic bacteria, 1980-2007.?Journal of plant pathology, 551-592."
Curtobacterium albidum,Phytopathogen,"Louca, S., Parfrey, L. W., & Doebeli, M. (2016). Decoupling function and taxonomy in the global ocean microbiome.?Science,?353(6305), 1272-1277."
Curtobacterium citreum,Phytopathogen,"Louca, S., Parfrey, L. W., & Doebeli, M. (2016). Decoupling function and taxonomy in the global ocean microbiome.?Science,?353(6305), 1272-1277."
Curtobacterium flaccumfaciens,Phytopathogen,"Bull, C. T., De Boer, S. H., Denny, T. P., Firrao, G., Saux, M. F. L., Saddler, G. S., ... & Takikawa, Y. (2010). Comprehensive list of names of plant pathogenic bacteria, 1980-2007.?Journal of plant pathology, 551-592."
Curtobacterium luteum,Phytopathogen,"Louca, S., Parfrey, L. W., & Doebeli, M. (2016). Decoupling function and taxonomy in the global ocean microbiome.?Science,?353(6305), 1272-1277."
Curtobacterium pusillum,Phytopathogen,"Louca, S., Parfrey, L. W., & Doebeli, M. (2016). Decoupling function and taxonomy in the global ocean microbiome.?Science,?353(6305), 1272-1277."
Dickeya chrysanthemi,Phytopathogen,"Bull, C. T., De Boer, S. H., Denny, T. P., Firrao, G., Saux, M. F. L., Saddler, G. S., ... & Takikawa, Y. (2010). Comprehensive list of names of plant pathogenic bacteria, 1980-2007.?Journal of plant pathology, 551-592."
Dickeya dadantii,Phytopathogen,"Bull, C. T., De Boer, S. H., Denny, T. P., Firrao, G., Saux, M. F. L., Saddler, G. S., ... & Takikawa, Y. (2010). Comprehensive list of names of plant pathogenic bacteria, 1980-2007.?Journal of plant pathology, 551-592."
Dickeya dianthicola,Phytopathogen,"Bull, C. T., De Boer, S. H., Denny, T. P., Firrao, G., Saux, M. F. L., Saddler, G. S., ... & Takikawa, Y. (2010). Comprehensive list of names of plant pathogenic bacteria, 1980-2007.?Journal of plant pathology, 551-592."
Dickeya dieffenbachiae,Phytopathogen,"Bull, C. T., De Boer, S. H., Denny, T. P., Firrao, G., Saux, M. F. L., Saddler, G. S., ... & Takikawa, Y. (2010). Comprehensive list of names of plant pathogenic bacteria, 1980-2007.?Journal of plant pathology, 551-592."
Dickeya paradisiaca,Phytopathogen,"Bull, C. T., De Boer, S. H., Denny, T. P., Firrao, G., Saux, M. F. L., Saddler, G. S., ... & Takikawa, Y. (2010). Comprehensive list of names of plant pathogenic bacteria, 1980-2007.?Journal of plant pathology, 551-592."
Dickeya poaceiphila,Phytopathogen,"Hugouvieux-Cotte-Pattat, N., Brochier-Armanet, C., Flandrois, J. P., & Reverchon, S. (2020). Dickeya poaceiphila sp. nov., a plant-pathogenic bacterium isolated from sugar cane (Saccharum officinarum).?International Journal of Systematic and Evolutionary Microbiology,?70(8), 4508-4514."
Dickeya solani,Phytopathogen,"Louca, S., Parfrey, L. W., & Doebeli, M. (2016). Decoupling function and taxonomy in the global ocean microbiome.?Science,?353(6305), 1272-1277."
Dickeya zeae,Phytopathogen,"Bull, C. T., De Boer, S. H., Denny, T. P., Firrao, G., Saux, M. F. L., Saddler, G. S., ... & Takikawa, Y. (2010). Comprehensive list of names of plant pathogenic bacteria, 1980-2007.?Journal of plant pathology, 551-592."
Dickeya?fangzhongdai?,Phytopathogen,"Tian, Y., Zhao, Y., Yuan, X., Yi, J., Fan, J., Xu, Z., ... & Li, X. (2016). Dickeyafangzhongdai sp. nov., a plant-pathogenic bacterium isolated from pear trees (Pyrus pyrifolia).?International Journal of Systematic and Evolutionary Microbiology,?66(8), 2831-2835."
Enterobacter cancerogenus,Phytopathogen,"Bull, C. T., De Boer, S. H., Denny, T. P., Firrao, G., Saux, M. F. L., Saddler, G. S., ... & Takikawa, Y. (2010). Comprehensive list of names of plant pathogenic bacteria, 1980-2007.?Journal of plant pathology, 551-592."
Enterobacter cloacae,Phytopathogen,"Bull, C. T., De Boer, S. H., Denny, T. P., Firrao, G., Saux, M. F. L., Saddler, G. S., ... & Takikawa, Y. (2010). Comprehensive list of names of plant pathogenic bacteria, 1980-2007.?Journal of plant pathology, 551-592."
Enterobacter dissolvens,Phytopathogen,"Louca, S., Parfrey, L. W., & Doebeli, M. (2016). Decoupling function and taxonomy in the global ocean microbiome.?Science,?353(6305), 1272-1277."
Enterobacter mori,Phytopathogen,"Bull, C. T., Coutinho, T. A., Denny, T. P., Firrao, G., Fischer-Le Saux, M., Li, X., ... & Takikawa, Y. (2014). List of new names of plant pathogenic bacteria (2011-2012).?Journal of Plant Pathology,?96(2), 223-226."
Enterobacter nimipressuralis,Phytopathogen,"Bull, C. T., De Boer, S. H., Denny, T. P., Firrao, G., Saux, M. F. L., Saddler, G. S., ... & Takikawa, Y. (2010). Comprehensive list of names of plant pathogenic bacteria, 1980-2007.?Journal of plant pathology, 551-592."
Enterobacter pyrinus,Phytopathogen,"Bull, C. T., De Boer, S. H., Denny, T. P., Firrao, G., Saux, M. F. L., Saddler, G. S., ... & Takikawa, Y. (2010). Comprehensive list of names of plant pathogenic bacteria, 1980-2007.?Journal of plant pathology, 551-592."
Erwinia amylovora,Phytopathogen,"Bull, C. T., De Boer, S. H., Denny, T. P., Firrao, G., Saux, M. F. L., Saddler, G. S., ... & Takikawa, Y. (2010). Comprehensive list of names of plant pathogenic bacteria, 1980-2007.?Journal of plant pathology, 551-592."
Erwinia billingiae,Phytopathogen,"Louca, S., Parfrey, L. W., & Doebeli, M. (2016). Decoupling function and taxonomy in the global ocean microbiome.?Science,?353(6305), 1272-1277."
Erwinia carnegieana,Phytopathogen,"Louca, S., Parfrey, L. W., & Doebeli, M. (2016). Decoupling function and taxonomy in the global ocean microbiome.?Science,?353(6305), 1272-1277."
Erwinia carotovora,Phytopathogen,"Louca, S., Parfrey, L. W., & Doebeli, M. (2016). Decoupling function and taxonomy in the global ocean microbiome.?Science,?353(6305), 1272-1277."
Erwinia herbicola,Phytopathogen,"Louca, S., Parfrey, L. W., & Doebeli, M. (2016). Decoupling function and taxonomy in the global ocean microbiome.?Science,?353(6305), 1272-1277."
Erwinia mallotivora,Phytopathogen,"Bull, C. T., De Boer, S. H., Denny, T. P., Firrao, G., Saux, M. F. L., Saddler, G. S., ... & Takikawa, Y. (2010). Comprehensive list of names of plant pathogenic bacteria, 1980-2007.?Journal of plant pathology, 551-592."
Erwinia papayae,Phytopathogen,"Bull, C. T., De Boer, S. H., Denny, T. P., Firrao, G., Saux, M. F. L., Saddler, G. S., ... & Takikawa, Y. (2010). Comprehensive list of names of plant pathogenic bacteria, 1980-2007.?Journal of plant pathology, 551-592."
Erwinia persicina,Phytopathogen,"Bull, C. T., De Boer, S. H., Denny, T. P., Firrao, G., Saux, M. F. L., Saddler, G. S., ... & Takikawa, Y. (2010). Comprehensive list of names of plant pathogenic bacteria, 1980-2007.?Journal of plant pathology, 551-592."
Erwinia persicinus,Phytopathogen,"Louca, S., Parfrey, L. W., & Doebeli, M. (2016). Decoupling function and taxonomy in the global ocean microbiome.?Science,?353(6305), 1272-1277."
Erwinia piriflorinigrans,Phytopathogen,"Bull, C. T., Coutinho, T. A., Denny, T. P., Firrao, G., Fischer-Le Saux, M., Li, X., ... & Takikawa, Y. (2014). List of new names of plant pathogenic bacteria (2011-2012).?Journal of Plant Pathology,?96(2), 223-226."
Erwinia psidii,Phytopathogen,"Bull, C. T., De Boer, S. H., Denny, T. P., Firrao, G., Saux, M. F. L., Saddler, G. S., ... & Takikawa, Y. (2010). Comprehensive list of names of plant pathogenic bacteria, 1980-2007.?Journal of plant pathology, 551-592."
Erwinia pyrifoliae,Phytopathogen,"Bull, C. T., De Boer, S. H., Denny, T. P., Firrao, G., Saux, M. F. L., Saddler, G. S., ... & Takikawa, Y. (2010). Comprehensive list of names of plant pathogenic bacteria, 1980-2007.?Journal of plant pathology, 551-592."
Erwinia rhapontici,Phytopathogen,"Bull, C. T., De Boer, S. H., Denny, T. P., Firrao, G., Saux, M. F. L., Saddler, G. S., ... & Takikawa, Y. (2010). Comprehensive list of names of plant pathogenic bacteria, 1980-2007.?Journal of plant pathology, 551-592."
Erwinia tasmaniensis,Phytopathogen,"Louca, S., Parfrey, L. W., & Doebeli, M. (2016). Decoupling function and taxonomy in the global ocean microbiome.?Science,?353(6305), 1272-1277."
Erwinia tracheiphila,Phytopathogen,"Bull, C. T., De Boer, S. H., Denny, T. P., Firrao, G., Saux, M. F. L., Saddler, G. S., ... & Takikawa, Y. (2010). Comprehensive list of names of plant pathogenic bacteria, 1980-2007.?Journal of plant pathology, 551-592."
Erwinia uzenensis,Phytopathogen,"Bull, C. T., Coutinho, T. A., Denny, T. P., Firrao, G., Fischer-Le Saux, M., Li, X., ... & Takikawa, Y. (2014). List of new names of plant pathogenic bacteria (2011-2012).?Journal of Plant Pathology,?96(2), 223-226."
Escherichia coli,Phytopathogen,"Louca, S., Parfrey, L. W., & Doebeli, M. (2016). Decoupling function and taxonomy in the global ocean microbiome.?Science,?353(6305), 1272-1277."
Ewingella americana,Phytopathogen,"Bull, C. T., De Boer, S. H., Denny, T. P., Firrao, G., Saux, M. F. L., Saddler, G. S., ... & Takikawa, Y. (2010). Comprehensive list of names of plant pathogenic bacteria, 1980-2007.?Journal of plant pathology, 551-592."
Gibbsiella greigii,Phytopathogen,"Louca, S., Parfrey, L. W., & Doebeli, M. (2016). Decoupling function and taxonomy in the global ocean microbiome.?Science,?353(6305), 1272-1277."
Gibbsiella quercinecans,Phytopathogen,"Bull, C. T., De Boer, S. H., Denny, T. P., Firrao, G., Fischer-Le Saux, M., Saddler, G. S., ... & Takikawa, Y. (2012). LIST OF NEW NAMES OF PLANT PATHOGENIC BACTERIA (2008-2010) Prepared by the International Society of Plant Pathology Committee on the Taxonomy of Plant Pathogenic Bacteria (ISPP-CTPPB).?Journal of Plant Pathology, 21-27."
Gluconobacter oxydans,Phytopathogen,"Bull, C. T., De Boer, S. H., Denny, T. P., Firrao, G., Saux, M. F. L., Saddler, G. S., ... & Takikawa, Y. (2010). Comprehensive list of names of plant pathogenic bacteria, 1980-2007.?Journal of plant pathology, 551-592."
Herbaspirillum rubrisubalbicans,Phytopathogen,"Bull, C. T., De Boer, S. H., Denny, T. P., Firrao, G., Saux, M. F. L., Saddler, G. S., ... & Takikawa, Y. (2010). Comprehensive list of names of plant pathogenic bacteria, 1980-2007.?Journal of plant pathology, 551-592."
Hydrogenophaga pseudoflava,Phytopathogen,"Louca, S., Parfrey, L. W., & Doebeli, M. (2016). Decoupling function and taxonomy in the global ocean microbiome.?Science,?353(6305), 1272-1277."
Hydrogenophaga taeniospiralis,Phytopathogen,"Louca, S., Parfrey, L. W., & Doebeli, M. (2016). Decoupling function and taxonomy in the global ocean microbiome.?Science,?353(6305), 1272-1277."
Janthinobacterium agaricidamnosum,Phytopathogen,"Bull, C. T., De Boer, S. H., Denny, T. P., Firrao, G., Saux, M. F. L., Saddler, G. S., ... & Takikawa, Y. (2010). Comprehensive list of names of plant pathogenic bacteria, 1980-2007.?Journal of plant pathology, 551-592."
Klebsiella pneumoniae,Phytopathogen,"Ajayasree, T. S. (2018). Pathogenic potentiality of the bacterium of Klebsiella pneumoniae strain Borkar on different plants.?Journal of Applied Biotechnology & Bioengineering,?5(4), 233-235."
Kosakonia cowanii,Phytopathogen,"Krawczyk, K., & Borodynko-Filas, N. (2020). Kosakoniacowanii as the New Bacterial Pathogen Affecting Soybean (Glycine max Willd.).?European journal of plant pathology,?157(1), 173-183."
Lactococcus lactis,Phytopathogen,"Louca, S., Parfrey, L. W., & Doebeli, M. (2016). Decoupling function and taxonomy in the global ocean microbiome.?Science,?353(6305), 1272-1277."
Leifionia cynodontis,Phytopathogen,"Bull, C. T., De Boer, S. H., Denny, T. P., Firrao, G., Saux, M. F. L., Saddler, G. S., ... & Takikawa, Y. (2010). Comprehensive list of names of plant pathogenic bacteria, 1980-2007.?Journal of plant pathology, 551-592."
Leifionia xyli,Phytopathogen,"Bull, C. T., De Boer, S. H., Denny, T. P., Firrao, G., Saux, M. F. L., Saddler, G. S., ... & Takikawa, Y. (2010). Comprehensive list of names of plant pathogenic bacteria, 1980-2007.?Journal of plant pathology, 551-592."
Leuconostoc mesenterioides,Phytopathogen,"Louca, S., Parfrey, L. W., & Doebeli, M. (2016). Decoupling function and taxonomy in the global ocean microbiome.?Science,?353(6305), 1272-1277."
Listeria monocytogenes,Phytopathogen,"Louca, S., Parfrey, L. W., & Doebeli, M. (2016). Decoupling function and taxonomy in the global ocean microbiome.?Science,?353(6305), 1272-1277."
Lonsdalea quercina,Phytopathogen,"Bull, C. T., Coutinho, T. A., Denny, T. P., Firrao, G., Fischer-Le Saux, M., Li, X., ... & Takikawa, Y. (2014). List of new names of plant pathogenic bacteria (2011-2012).?Journal of Plant Pathology,?96(2), 223-226."
Nocardia vaccinii,Phytopathogen,"Bull, C. T., De Boer, S. H., Denny, T. P., Firrao, G., Saux, M. F. L., Saddler, G. S., ... & Takikawa, Y. (2010). Comprehensive list of names of plant pathogenic bacteria, 1980-2007.?Journal of plant pathology, 551-592."
Paenibacillus polymyxa,Phytopathogen,"Louca, S., Parfrey, L. W., & Doebeli, M. (2016). Decoupling function and taxonomy in the global ocean microbiome.?Science,?353(6305), 1272-1277."
Pantoea agglomerans,Phytopathogen,"Bull, C. T., De Boer, S. H., Denny, T. P., Firrao, G., Saux, M. F. L., Saddler, G. S., ... & Takikawa, Y. (2010). Comprehensive list of names of plant pathogenic bacteria, 1980-2007.?Journal of plant pathology, 551-592."
Pantoea allii,Phytopathogen,"Bull, C. T., Coutinho, T. A., Denny, T. P., Firrao, G., Fischer-Le Saux, M., Li, X., ... & Takikawa, Y. (2014). List of new names of plant pathogenic bacteria (2011-2012).?Journal of Plant Pathology,?96(2), 223-226."
Pantoea ananatis,Phytopathogen,"Bull, C. T., De Boer, S. H., Denny, T. P., Firrao, G., Saux, M. F. L., Saddler, G. S., ... & Takikawa, Y. (2010). Comprehensive list of names of plant pathogenic bacteria, 1980-2007.?Journal of plant pathology, 551-592."
Pantoea citrea,Phytopathogen,"Bull, C. T., De Boer, S. H., Denny, T. P., Firrao, G., Fischer-Le Saux, M., Saddler, G. S., ... & Takikawa, Y. (2012). LIST OF NEW NAMES OF PLANT PATHOGENIC BACTERIA (2008-2010) Prepared by the International Society of Plant Pathology Committee on the Taxonomy of Plant Pathogenic Bacteria (ISPP-CTPPB).?Journal of Plant Pathology, 21-27."
Pantoea cypripedii,Phytopathogen,"Bull, C. T., De Boer, S. H., Denny, T. P., Firrao, G., Fischer-Le Saux, M., Saddler, G. S., ... & Takikawa, Y. (2012). LIST OF NEW NAMES OF PLANT PATHOGENIC BACTERIA (2008-2010) Prepared by the International Society of Plant Pathology Committee on the Taxonomy of Plant Pathogenic Bacteria (ISPP-CTPPB).?Journal of Plant Pathology, 21-27."
Pantoea dispersa,Phytopathogen,"Louca, S., Parfrey, L. W., & Doebeli, M. (2016). Decoupling function and taxonomy in the global ocean microbiome.?Science,?353(6305), 1272-1277."
Pantoea punctata,Phytopathogen,"Louca, S., Parfrey, L. W., & Doebeli, M. (2016). Decoupling function and taxonomy in the global ocean microbiome.?Science,?353(6305), 1272-1277."
Pantoea rodasii,Phytopathogen,"Louca, S., Parfrey, L. W., & Doebeli, M. (2016). Decoupling function and taxonomy in the global ocean microbiome.?Science,?353(6305), 1272-1277."
Pantoea rwandensis,Phytopathogen,"Louca, S., Parfrey, L. W., & Doebeli, M. (2016). Decoupling function and taxonomy in the global ocean microbiome.?Science,?353(6305), 1272-1277."
Pantoea stewartii,Phytopathogen,"Bull, C. T., De Boer, S. H., Denny, T. P., Firrao, G., Saux, M. F. L., Saddler, G. S., ... & Takikawa, Y. (2010). Comprehensive list of names of plant pathogenic bacteria, 1980-2007.?Journal of plant pathology, 551-592."
Pantoea terrea,Phytopathogen,"Louca, S., Parfrey, L. W., & Doebeli, M. (2016). Decoupling function and taxonomy in the global ocean microbiome.?Science,?353(6305), 1272-1277."
Pantoea wallisii,Phytopathogen,"Louca, S., Parfrey, L. W., & Doebeli, M. (2016). Decoupling function and taxonomy in the global ocean microbiome.?Science,?353(6305), 1272-1277."
Pectobacterium atrosepticum,Phytopathogen,"Bull, C. T., De Boer, S. H., Denny, T. P., Firrao, G., Saux, M. F. L., Saddler, G. S., ... & Takikawa, Y. (2010). Comprehensive list of names of plant pathogenic bacteria, 1980-2007.?Journal of plant pathology, 551-592."
Pectobacterium betavasculorum,Phytopathogen,"Bull, C. T., De Boer, S. H., Denny, T. P., Firrao, G., Saux, M. F. L., Saddler, G. S., ... & Takikawa, Y. (2010). Comprehensive list of names of plant pathogenic bacteria, 1980-2007.?Journal of plant pathology, 551-592."
Pectobacterium cacticida,Phytopathogen,"Bull, C. T., De Boer, S. H., Denny, T. P., Firrao, G., Saux, M. F. L., Saddler, G. S., ... & Takikawa, Y. (2010). Comprehensive list of names of plant pathogenic bacteria, 1980-2007.?Journal of plant pathology, 551-592."
Pectobacterium carotovorum,Phytopathogen,"Bull, C. T., De Boer, S. H., Denny, T. P., Firrao, G., Saux, M. F. L., Saddler, G. S., ... & Takikawa, Y. (2010). Comprehensive list of names of plant pathogenic bacteria, 1980-2007.?Journal of plant pathology, 551-592."
Pectobacterium cypripedii,Phytopathogen,"Bull, C. T., De Boer, S. H., Denny, T. P., Firrao, G., Saux, M. F. L., Saddler, G. S., ... & Takikawa, Y. (2010). Comprehensive list of names of plant pathogenic bacteria, 1980-2007.?Journal of plant pathology, 551-592."
Pectobacterium parmentier,Phytopathogen,"Zoledowska, S., Motyka-Pomagruk, A., Sledz, W., Mengoni, A., & Lojkowska, E. (2018). High genomic variability in the plant pathogenic bacterium Pectobacterium parmentieri deciphered from de novo assembled complete genomes.?BMC genomics,?19(1), 1-16."
Pectobacterium parmentieri,Phytopathogen,"Zoledowska, S., Presta, L., Fondi, M., Decorosi, F., Giovannetti, L., Mengoni, A., & Lojkowska, E. (2019). Metabolic modeling of Pectobacterium parmentieri SCC3193 provides insights into metabolic pathways of plant pathogenic bacteria.?Microorganisms,?7(4), 101."
Pectobacterium rhapontici,Phytopathogen,"Louca, S., Parfrey, L. W., & Doebeli, M. (2016). Decoupling function and taxonomy in the global ocean microbiome.?Science,?353(6305), 1272-1277."
Pectobacterium wasabiae,Phytopathogen,"Bull, C. T., De Boer, S. H., Denny, T. P., Firrao, G., Saux, M. F. L., Saddler, G. S., ... & Takikawa, Y. (2010). Comprehensive list of names of plant pathogenic bacteria, 1980-2007.?Journal of plant pathology, 551-592."
Phyllobacterium rubiacearum,Phytopathogen,"Louca, S., Parfrey, L. W., & Doebeli, M. (2016). Decoupling function and taxonomy in the global ocean microbiome.?Science,?353(6305), 1272-1277."
Pseudomonas aeruginosa,Phytopathogen,"Louca, S., Parfrey, L. W., & Doebeli, M. (2016). Decoupling function and taxonomy in the global ocean microbiome.?Science,?353(6305), 1272-1277."
Pseudomonas agarici,Phytopathogen,"Bull, C. T., De Boer, S. H., Denny, T. P., Firrao, G., Saux, M. F. L., Saddler, G. S., ... & Takikawa, Y. (2010). Comprehensive list of names of plant pathogenic bacteria, 1980-2007.?Journal of plant pathology, 551-592."
Pseudomonas alliivorans,Phytopathogen,"Zhao, M., Tyson, C., Chen, H. C., Paudel, S., Gitaitis, R., Kvitko, B., & Dutta, B. (2022). Pseudomonas alliivorans sp. nov., a plant-pathogenic bacterium isolated from onion foliage in Georgia, USA.?Systematic and Applied Microbiology,?45(1), 126278."
Pseudomonas amygdali,Phytopathogen,"Bull, C. T., De Boer, S. H., Denny, T. P., Firrao, G., Saux, M. F. L., Saddler, G. S., ... & Takikawa, Y. (2010). Comprehensive list of names of plant pathogenic bacteria, 1980-2007.?Journal of plant pathology, 551-592."
Pseudomonas asplenii,Phytopathogen,"Bull, C. T., De Boer, S. H., Denny, T. P., Firrao, G., Saux, M. F. L., Saddler, G. S., ... & Takikawa, Y. (2010). Comprehensive list of names of plant pathogenic bacteria, 1980-2007.?Journal of plant pathology, 551-592."
Pseudomonas avellanae,Phytopathogen,"Bull, C. T., De Boer, S. H., Denny, T. P., Firrao, G., Saux, M. F. L., Saddler, G. S., ... & Takikawa, Y. (2010). Comprehensive list of names of plant pathogenic bacteria, 1980-2007.?Journal of plant pathology, 551-592."
Pseudomonas beteli,Phytopathogen,"Bull, C. T., De Boer, S. H., Denny, T. P., Firrao, G., Saux, M. F. L., Saddler, G. S., ... & Takikawa, Y. (2010). Comprehensive list of names of plant pathogenic bacteria, 1980-2007.?Journal of plant pathology, 551-592."
Pseudomonas beteli,Phytopathogen,"Louca, S., Parfrey, L. W., & Doebeli, M. (2016). Decoupling function and taxonomy in the global ocean microbiome.?Science,?353(6305), 1272-1277."
Pseudomonas blatchfordae,Phytopathogen,"Louca, S., Parfrey, L. W., & Doebeli, M. (2016). Decoupling function and taxonomy in the global ocean microbiome.?Science,?353(6305), 1272-1277."
Pseudomonas brassicacearum,Phytopathogen,"Louca, S., Parfrey, L. W., & Doebeli, M. (2016). Decoupling function and taxonomy in the global ocean microbiome.?Science,?353(6305), 1272-1277."
Pseudomonas cannabina,Phytopathogen,"Bull, C. T., De Boer, S. H., Denny, T. P., Firrao, G., Saux, M. F. L., Saddler, G. S., ... & Takikawa, Y. (2010). Comprehensive list of names of plant pathogenic bacteria, 1980-2007.?Journal of plant pathology, 551-592."
Pseudomonas capsici,Phytopathogen,"Zhao, M., Koirala, S., Chen, H. C., Gitaitis, R., Kvitko, B., & Dutta, B. (2021). Pseudomonas capsici sp. nov., a plant-pathogenic bacterium isolated from pepper leaf in Georgia, USA.?International journal of systematic and evolutionary microbiology,?71(8)."
Pseudomonas caricapapayae,Phytopathogen,"Bull, C. T., De Boer, S. H., Denny, T. P., Firrao, G., Saux, M. F. L., Saddler, G. S., ... & Takikawa, Y. (2010). Comprehensive list of names of plant pathogenic bacteria, 1980-2007.?Journal of plant pathology, 551-592."
Pseudomonas cattleyae,Phytopathogen,"Louca, S., Parfrey, L. W., & Doebeli, M. (2016). Decoupling function and taxonomy in the global ocean microbiome.?Science,?353(6305), 1272-1277."
Pseudomonas cichorii,Phytopathogen,"Bull, C. T., De Boer, S. H., Denny, T. P., Firrao, G., Saux, M. F. L., Saddler, G. S., ... & Takikawa, Y. (2010). Comprehensive list of names of plant pathogenic bacteria, 1980-2007.?Journal of plant pathology, 551-592."
Pseudomonas cissicola,Phytopathogen,"Bull, C. T., De Boer, S. H., Denny, T. P., Firrao, G., Saux, M. F. L., Saddler, G. S., ... & Takikawa, Y. (2010). Comprehensive list of names of plant pathogenic bacteria, 1980-2007.?Journal of plant pathology, 551-592."
Pseudomonas constantinii,Phytopathogen,"H?fte, M., & Vos, P. D. (2007). Plant pathogenic Pseudomonas species. In?Plant-associated bacteria?(pp. 507-533). Springer, Dordrecht."
Pseudomonas corrugata,Phytopathogen,"Bull, C. T., De Boer, S. H., Denny, T. P., Firrao, G., Saux, M. F. L., Saddler, G. S., ... & Takikawa, Y. (2010). Comprehensive list of names of plant pathogenic bacteria, 1980-2007.?Journal of plant pathology, 551-592."
Pseudomonas costantinii,Phytopathogen,"Bull, C. T., De Boer, S. H., Denny, T. P., Firrao, G., Saux, M. F. L., Saddler, G. S., ... & Takikawa, Y. (2010). Comprehensive list of names of plant pathogenic bacteria, 1980-2007.?Journal of plant pathology, 551-592."
Pseudomonas ficuserectae,Phytopathogen,"Bull, C. T., De Boer, S. H., Denny, T. P., Firrao, G., Saux, M. F. L., Saddler, G. S., ... & Takikawa, Y. (2010). Comprehensive list of names of plant pathogenic bacteria, 1980-2007.?Journal of plant pathology, 551-592."
Pseudomonas flavescens,Phytopathogen,"Louca, S., Parfrey, L. W., & Doebeli, M. (2016). Decoupling function and taxonomy in the global ocean microbiome.?Science,?353(6305), 1272-1277."
Pseudomonas flectens,Phytopathogen,"Bull, C. T., De Boer, S. H., Denny, T. P., Firrao, G., Saux, M. F. L., Saddler, G. S., ... & Takikawa, Y. (2010). Comprehensive list of names of plant pathogenic bacteria, 1980-2007.?Journal of plant pathology, 551-592."
Pseudomonas fluorescens,Phytopathogen,"Louca, S., Parfrey, L. W., & Doebeli, M. (2016). Decoupling function and taxonomy in the global ocean microbiome.?Science,?353(6305), 1272-1277."
Pseudomonas fuscovaginae,Phytopathogen,"Bull, C. T., De Boer, S. H., Denny, T. P., Firrao, G., Saux, M. F. L., Saddler, G. S., ... & Takikawa, Y. (2010). Comprehensive list of names of plant pathogenic bacteria, 1980-2007.?Journal of plant pathology, 551-592."
Pseudomonas gingeri,Phytopathogen,"Louca, S., Parfrey, L. W., & Doebeli, M. (2016). Decoupling function and taxonomy in the global ocean microbiome.?Science,?353(6305), 1272-1277."
Pseudomonas grimontii,Phytopathogen,"Sawada, H., Horita, H., Misawa, T., & Takikawa, Y. (2019). Pseudomonas grimontii, causal agent of turnip bacterial rot disease in Japan.?Journal of general plant pathology,?85(6), 413-423."
Pseudomonas hibiscicola,Phytopathogen,"Bull, C. T., De Boer, S. H., Denny, T. P., Firrao, G., Saux, M. F. L., Saddler, G. S., ... & Takikawa, Y. (2010). Comprehensive list of names of plant pathogenic bacteria, 1980-2007.?Journal of plant pathology, 551-592."
Pseudomonas lijiangensis,Phytopathogen,"Lu, C. H., Han, T. H., Jiang, N., Gai, X. T., Cao, Z. H., Zou, S. Y., ... & Xia, Z. Y. (2022). Pseudomonas lijiangensis sp. nov., a novel phytopathogenic bacterium isolated from black spots of tobacco.?International Journal of Systematic and Evolutionary Microbiology,?72(10), 005591."
Pseudomonas marginalis,Phytopathogen,"Bull, C. T., De Boer, S. H., Denny, T. P., Firrao, G., Saux, M. F. L., Saddler, G. S., ... & Takikawa, Y. (2010). Comprehensive list of names of plant pathogenic bacteria, 1980-2007.?Journal of plant pathology, 551-592."
Pseudomonas mediterranea,Phytopathogen,"Bull, C. T., De Boer, S. H., Denny, T. P., Firrao, G., Saux, M. F. L., Saddler, G. S., ... & Takikawa, Y. (2010). Comprehensive list of names of plant pathogenic bacteria, 1980-2007.?Journal of plant pathology, 551-592."
Pseudomonas meliae,Phytopathogen,"Bull, C. T., De Boer, S. H., Denny, T. P., Firrao, G., Saux, M. F. L., Saddler, G. S., ... & Takikawa, Y. (2010). Comprehensive list of names of plant pathogenic bacteria, 1980-2007.?Journal of plant pathology, 551-592."
Pseudomonas palleroniana,Phytopathogen,"Bull, C. T., De Boer, S. H., Denny, T. P., Firrao, G., Saux, M. F. L., Saddler, G. S., ... & Takikawa, Y. (2010). Comprehensive list of names of plant pathogenic bacteria, 1980-2007.?Journal of plant pathology, 551-592."
Pseudomonas pseudoalcaligenes,Phytopathogen,"Louca, S., Parfrey, L. W., & Doebeli, M. (2016). Decoupling function and taxonomy in the global ocean microbiome.?Science,?353(6305), 1272-1277."
Pseudomonas putida,Phytopathogen,"Louca, S., Parfrey, L. W., & Doebeli, M. (2016). Decoupling function and taxonomy in the global ocean microbiome.?Science,?353(6305), 1272-1277."
Pseudomonas salomonii,Phytopathogen,"Bull, C. T., De Boer, S. H., Denny, T. P., Firrao, G., Saux, M. F. L., Saddler, G. S., ... & Takikawa, Y. (2010). Comprehensive list of names of plant pathogenic bacteria, 1980-2007.?Journal of plant pathology, 551-592."
Pseudomonas savastanoi,Phytopathogen,"Bull, C. T., De Boer, S. H., Denny, T. P., Firrao, G., Saux, M. F. L., Saddler, G. S., ... & Takikawa, Y. (2010). Comprehensive list of names of plant pathogenic bacteria, 1980-2007.?Journal of plant pathology, 551-592."
Pseudomonas solanacearum,Phytopathogen,"Louca, S., Parfrey, L. W., & Doebeli, M. (2016). Decoupling function and taxonomy in the global ocean microbiome.?Science,?353(6305), 1272-1277."
Pseudomonas stutzeri,Phytopathogen,"Louca, S., Parfrey, L. W., & Doebeli, M. (2016). Decoupling function and taxonomy in the global ocean microbiome.?Science,?353(6305), 1272-1277."
Pseudomonas syringae,Phytopathogen,"Bull, C. T., De Boer, S. H., Denny, T. P., Firrao, G., Saux, M. F. L., Saddler, G. S., ... & Takikawa, Y. (2010). Comprehensive list of names of plant pathogenic bacteria, 1980-2007.?Journal of plant pathology, 551-592."
Pseudomonas syzygii,Phytopathogen,"Louca, S., Parfrey, L. W., & Doebeli, M. (2016). Decoupling function and taxonomy in the global ocean microbiome.?Science,?353(6305), 1272-1277."
Pseudomonas thivervalensis,Phytopathogen,"Louca, S., Parfrey, L. W., & Doebeli, M. (2016). Decoupling function and taxonomy in the global ocean microbiome.?Science,?353(6305), 1272-1277."
Pseudomonas tobacco,Phytopathogen,"Dede, A., G¨¹ven, K., & ?ahi?n, N. (2020). Isolation, plant growth-promoting traits, antagonistic effects on clinical and plant pathogenic organisms and identification of actinomycetes from olive rhizosphere.?Microbial pathogenesis,?143, 104134."
Pseudomonas tolaasii,Phytopathogen,"Bull, C. T., De Boer, S. H., Denny, T. P., Firrao, G., Saux, M. F. L., Saddler, G. S., ... & Takikawa, Y. (2010). Comprehensive list of names of plant pathogenic bacteria, 1980-2007.?Journal of plant pathology, 551-592."
Pseudomonas tremae,Phytopathogen,"Bull, C. T., De Boer, S. H., Denny, T. P., Firrao, G., Saux, M. F. L., Saddler, G. S., ... & Takikawa, Y. (2010). Comprehensive list of names of plant pathogenic bacteria, 1980-2007.?Journal of plant pathology, 551-592."
Pseudomonas viridiflava,Phytopathogen,"Bull, C. T., De Boer, S. H., Denny, T. P., Firrao, G., Saux, M. F. L., Saddler, G. S., ... & Takikawa, Y. (2010). Comprehensive list of names of plant pathogenic bacteria, 1980-2007.?Journal of plant pathology, 551-592."
Pseudomonas viridilivida,Phytopathogen,"Louca, S., Parfrey, L. W., & Doebeli, M. (2016). Decoupling function and taxonomy in the global ocean microbiome.?Science,?353(6305), 1272-1277."
Ralstonia solanacearum,Phytopathogen,"Bull, C. T., De Boer, S. H., Denny, T. P., Firrao, G., Saux, M. F. L., Saddler, G. S., ... & Takikawa, Y. (2010). Comprehensive list of names of plant pathogenic bacteria, 1980-2007.?Journal of plant pathology, 551-592."
Ralstonia syzygii,Phytopathogen,"Bull, C. T., De Boer, S. H., Denny, T. P., Firrao, G., Saux, M. F. L., Saddler, G. S., ... & Takikawa, Y. (2010). Comprehensive list of names of plant pathogenic bacteria, 1980-2007.?Journal of plant pathology, 551-592."
Rathayibacter iraniens,Phytopathogen,"Bull, C. T., De Boer, S. H., Denny, T. P., Firrao, G., Saux, M. F. L., Saddler, G. S., ... & Takikawa, Y. (2010). Comprehensive list of names of plant pathogenic bacteria, 1980-2007.?Journal of plant pathology, 551-592."
Rathayibacter rathayi,Phytopathogen,"Bull, C. T., De Boer, S. H., Denny, T. P., Firrao, G., Saux, M. F. L., Saddler, G. S., ... & Takikawa, Y. (2010). Comprehensive list of names of plant pathogenic bacteria, 1980-2007.?Journal of plant pathology, 551-592."
Rathayibacter toxicus,Phytopathogen,"Bull, C. T., De Boer, S. H., Denny, T. P., Firrao, G., Saux, M. F. L., Saddler, G. S., ... & Takikawa, Y. (2010). Comprehensive list of names of plant pathogenic bacteria, 1980-2007.?Journal of plant pathology, 551-592."
Rathayibacter tritici,Phytopathogen,"Bull, C. T., De Boer, S. H., Denny, T. P., Firrao, G., Saux, M. F. L., Saddler, G. S., ... & Takikawa, Y. (2010). Comprehensive list of names of plant pathogenic bacteria, 1980-2007.?Journal of plant pathology, 551-592."
Rhizobacter dauci,Phytopathogen,"Bull, C. T., De Boer, S. H., Denny, T. P., Firrao, G., Saux, M. F. L., Saddler, G. S., ... & Takikawa, Y. (2010). Comprehensive list of names of plant pathogenic bacteria, 1980-2007.?Journal of plant pathology, 551-592."
Rhizobium hauntlense,Phytopathogen,"Louca, S., Parfrey, L. W., & Doebeli, M. (2016). Decoupling function and taxonomy in the global ocean microbiome.?Science,?353(6305), 1272-1277."
Rhizobium larrymoorei,Phytopathogen,"Bull, C. T., De Boer, S. H., Denny, T. P., Firrao, G., Saux, M. F. L., Saddler, G. S., ... & Takikawa, Y. (2010). Comprehensive list of names of plant pathogenic bacteria, 1980-2007.?Journal of plant pathology, 551-592."
Rhizobium leguminosarum,Phytopathogen,"Louca, S., Parfrey, L. W., & Doebeli, M. (2016). Decoupling function and taxonomy in the global ocean microbiome.?Science,?353(6305), 1272-1277."
Rhizobium nepotum,Phytopathogen,"Bull, C. T., Coutinho, T. A., Denny, T. P., Firrao, G., Fischer-Le Saux, M., Li, X., ... & Takikawa, Y. (2014). List of new names of plant pathogenic bacteria (2011-2012).?Journal of Plant Pathology,?96(2), 223-226."
Rhizobium radiobacter,Phytopathogen,"Bull, C. T., De Boer, S. H., Denny, T. P., Firrao, G., Saux, M. F. L., Saddler, G. S., ... & Takikawa, Y. (2010). Comprehensive list of names of plant pathogenic bacteria, 1980-2007.?Journal of plant pathology, 551-592."
Rhizobium rhizogenes,Phytopathogen,"Bull, C. T., De Boer, S. H., Denny, T. P., Firrao, G., Saux, M. F. L., Saddler, G. S., ... & Takikawa, Y. (2010). Comprehensive list of names of plant pathogenic bacteria, 1980-2007.?Journal of plant pathology, 551-592."
Rhizobium rubi,Phytopathogen,"Bull, C. T., De Boer, S. H., Denny, T. P., Firrao, G., Saux, M. F. L., Saddler, G. S., ... & Takikawa, Y. (2010). Comprehensive list of names of plant pathogenic bacteria, 1980-2007.?Journal of plant pathology, 551-592."
Rhizobium skierniewicense,Phytopathogen,"Bull, C. T., Coutinho, T. A., Denny, T. P., Firrao, G., Fischer-Le Saux, M., Li, X., ... & Takikawa, Y. (2014). List of new names of plant pathogenic bacteria (2011-2012).?Journal of Plant Pathology,?96(2), 223-226."
Rhizobium tropici,Phytopathogen,"Louca, S., Parfrey, L. W., & Doebeli, M. (2016). Decoupling function and taxonomy in the global ocean microbiome.?Science,?353(6305), 1272-1277."
Rhizobium vitis,Phytopathogen,"Bull, C. T., De Boer, S. H., Denny, T. P., Firrao, G., Saux, M. F. L., Saddler, G. S., ... & Takikawa, Y. (2010). Comprehensive list of names of plant pathogenic bacteria, 1980-2007.?Journal of plant pathology, 551-592."
Rhodococcus fascians,Phytopathogen,"Bull, C. T., De Boer, S. H., Denny, T. P., Firrao, G., Saux, M. F. L., Saddler, G. S., ... & Takikawa, Y. (2010). Comprehensive list of names of plant pathogenic bacteria, 1980-2007.?Journal of plant pathology, 551-592."
Salmonella Typhimurium,Phytopathogen,"Louca, S., Parfrey, L. W., & Doebeli, M. (2016). Decoupling function and taxonomy in the global ocean microbiome.?Science,?353(6305), 1272-1277."
Samsonia erythrinae,Phytopathogen,"Bull, C. T., De Boer, S. H., Denny, T. P., Firrao, G., Saux, M. F. L., Saddler, G. S., ... & Takikawa, Y. (2010). Comprehensive list of names of plant pathogenic bacteria, 1980-2007.?Journal of plant pathology, 551-592."
Serratia marcescens,Phytopathogen,"Bull, C. T., De Boer, S. H., Denny, T. P., Firrao, G., Saux, M. F. L., Saddler, G. S., ... & Takikawa, Y. (2010). Comprehensive list of names of plant pathogenic bacteria, 1980-2007.?Journal of plant pathology, 551-592."
Serratia proteamaculans,Phytopathogen,"Bull, C. T., De Boer, S. H., Denny, T. P., Firrao, G., Saux, M. F. L., Saddler, G. S., ... & Takikawa, Y. (2010). Comprehensive list of names of plant pathogenic bacteria, 1980-2007.?Journal of plant pathology, 551-592."
Sinorhizobium fredii,Phytopathogen,"Louca, S., Parfrey, L. W., & Doebeli, M. (2016). Decoupling function and taxonomy in the global ocean microbiome.?Science,?353(6305), 1272-1277."
Sinorhizobium meliloti,Phytopathogen,"Louca, S., Parfrey, L. W., & Doebeli, M. (2016). Decoupling function and taxonomy in the global ocean microbiome.?Science,?353(6305), 1272-1277."
Sphingomonas melonis,Phytopathogen,"Bull, C. T., De Boer, S. H., Denny, T. P., Firrao, G., Saux, M. F. L., Saddler, G. S., ... & Takikawa, Y. (2010). Comprehensive list of names of plant pathogenic bacteria, 1980-2007.?Journal of plant pathology, 551-592."
Sphingomonas paucimobilis,Phytopathogen,"Louca, S., Parfrey, L. W., & Doebeli, M. (2016). Decoupling function and taxonomy in the global ocean microbiome.?Science,?353(6305), 1272-1277."
Sphingomonas suberifaciens,Phytopathogen,"Bull, C. T., De Boer, S. H., Denny, T. P., Firrao, G., Saux, M. F. L., Saddler, G. S., ... & Takikawa, Y. (2010). Comprehensive list of names of plant pathogenic bacteria, 1980-2007.?Journal of plant pathology, 551-592."
Spiroplasma citri,Phytopathogen,"Bull, C. T., De Boer, S. H., Denny, T. P., Firrao, G., Saux, M. F. L., Saddler, G. S., ... & Takikawa, Y. (2010). Comprehensive list of names of plant pathogenic bacteria, 1980-2007.?Journal of plant pathology, 551-592."
Spiroplasma kunkelii,Phytopathogen,"Bull, C. T., De Boer, S. H., Denny, T. P., Firrao, G., Saux, M. F. L., Saddler, G. S., ... & Takikawa, Y. (2010). Comprehensive list of names of plant pathogenic bacteria, 1980-2007.?Journal of plant pathology, 551-592."
Spiroplasma phoeniceum,Phytopathogen,"Bull, C. T., De Boer, S. H., Denny, T. P., Firrao, G., Saux, M. F. L., Saddler, G. S., ... & Takikawa, Y. (2010). Comprehensive list of names of plant pathogenic bacteria, 1980-2007.?Journal of plant pathology, 551-592."
Staphylococcus aureus,Phytopathogen,"Yun, B. R., Roh, S. G., & Kim, S. B. (2017). Diversity and physiological properties of soil actinobacteria in Ulleung Island.?Korean Journal of Microbiology,?53(4), 242-250."
Stenotrophomonas maltophilia,Phytopathogen,"Louca, S., Parfrey, L. W., & Doebeli, M. (2016). Decoupling function and taxonomy in the global ocean microbiome.?Science,?353(6305), 1272-1277."
Streptomyces acidiscabies,Phytopathogen,"Bull, C. T., De Boer, S. H., Denny, T. P., Firrao, G., Saux, M. F. L., Saddler, G. S., ... & Takikawa, Y. (2010). Comprehensive list of names of plant pathogenic bacteria, 1980-2007.?Journal of plant pathology, 551-592."
Streptomyces albidoflavus,Phytopathogen,"Bull, C. T., De Boer, S. H., Denny, T. P., Firrao, G., Saux, M. F. L., Saddler, G. S., ... & Takikawa, Y. (2010). Comprehensive list of names of plant pathogenic bacteria, 1980-2007.?Journal of plant pathology, 551-592."
Streptomyces Candidus,Phytopathogen,"Bull, C. T., De Boer, S. H., Denny, T. P., Firrao, G., Saux, M. F. L., Saddler, G. S., ... & Takikawa, Y. (2010). Comprehensive list of names of plant pathogenic bacteria, 1980-2007.?Journal of plant pathology, 551-592."
Streptomyces caviscabies,Phytopathogen,"Bull, C. T., De Boer, S. H., Denny, T. P., Firrao, G., Saux, M. F. L., Saddler, G. S., ... & Takikawa, Y. (2010). Comprehensive list of names of plant pathogenic bacteria, 1980-2007.?Journal of plant pathology, 551-592."
Streptomyces collinus,Phytopathogen,"Bull, C. T., De Boer, S. H., Denny, T. P., Firrao, G., Saux, M. F. L., Saddler, G. S., ... & Takikawa, Y. (2010). Comprehensive list of names of plant pathogenic bacteria, 1980-2007.?Journal of plant pathology, 551-592."
Streptomyces europaeiscabiei,Phytopathogen,"Bull, C. T., De Boer, S. H., Denny, T. P., Firrao, G., Saux, M. F. L., Saddler, G. S., ... & Takikawa, Y. (2010). Comprehensive list of names of plant pathogenic bacteria, 1980-2007.?Journal of plant pathology, 551-592."
Streptomyces intermedius,Phytopathogen,"Bull, C. T., De Boer, S. H., Denny, T. P., Firrao, G., Saux, M. F. L., Saddler, G. S., ... & Takikawa, Y. (2010). Comprehensive list of names of plant pathogenic bacteria, 1980-2007.?Journal of plant pathology, 551-592."
Streptomyces ipomoeae,Phytopathogen,"Bull, C. T., De Boer, S. H., Denny, T. P., Firrao, G., Saux, M. F. L., Saddler, G. S., ... & Takikawa, Y. (2010). Comprehensive list of names of plant pathogenic bacteria, 1980-2007.?Journal of plant pathology, 551-592."
Streptomyces luridiscabiei,Phytopathogen,"Bull, C. T., De Boer, S. H., Denny, T. P., Firrao, G., Saux, M. F. L., Saddler, G. S., ... & Takikawa, Y. (2010). Comprehensive list of names of plant pathogenic bacteria, 1980-2007.?Journal of plant pathology, 551-592."
Streptomyces niveiscabiei,Phytopathogen,"Bull, C. T., De Boer, S. H., Denny, T. P., Firrao, G., Saux, M. F. L., Saddler, G. S., ... & Takikawa, Y. (2010). Comprehensive list of names of plant pathogenic bacteria, 1980-2007.?Journal of plant pathology, 551-592."
Streptomyces puniciscabiei,Phytopathogen,"Bull, C. T., De Boer, S. H., Denny, T. P., Firrao, G., Saux, M. F. L., Saddler, G. S., ... & Takikawa, Y. (2010). Comprehensive list of names of plant pathogenic bacteria, 1980-2007.?Journal of plant pathology, 551-592."
Streptomyces reticuliscabei,Phytopathogen,"Bull, C. T., De Boer, S. H., Denny, T. P., Firrao, G., Saux, M. F. L., Saddler, G. S., ... & Takikawa, Y. (2010). Comprehensive list of names of plant pathogenic bacteria, 1980-2007.?Journal of plant pathology, 551-592."
Streptomyces reticuliscabiei,Phytopathogen,"Louca, S., Parfrey, L. W., & Doebeli, M. (2016). Decoupling function and taxonomy in the global ocean microbiome.?Science,?353(6305), 1272-1277."
Streptomyces saraceticus,Phytopathogen,"Alvarez, A. M. (2004). Integrated approaches for detection of plant pathogenic bacteria and diagnosis of bacterial diseases.?Annual review of phytopathology,?42(1), 339-366."
Streptomyces scabiei,Phytopathogen,"Bull, C. T., De Boer, S. H., Denny, T. P., Firrao, G., Saux, M. F. L., Saddler, G. S., ... & Takikawa, Y. (2010). Comprehensive list of names of plant pathogenic bacteria, 1980-2007.?Journal of plant pathology, 551-592."
Streptomyces scabies,Phytopathogen,"Loria, R., Kers, J., & Joshi, M. (2006). Evolution of plant pathogenicity in Streptomyces.?Annu. Rev. Phytopathol.,?44, 469-487."
Streptomyces setonii,Phytopathogen,"Bull, C. T., De Boer, S. H., Denny, T. P., Firrao, G., Saux, M. F. L., Saddler, G. S., ... & Takikawa, Y. (2010). Comprehensive list of names of plant pathogenic bacteria, 1980-2007.?Journal of plant pathology, 551-592."
Streptomyces steliiscabiei,Phytopathogen,"Bull, C. T., De Boer, S. H., Denny, T. P., Firrao, G., Saux, M. F. L., Saddler, G. S., ... & Takikawa, Y. (2010). Comprehensive list of names of plant pathogenic bacteria, 1980-2007.?Journal of plant pathology, 551-592."
Streptomyces stelliscabiei,Phytopathogen,"Loria, R., Kers, J., & Joshi, M. (2006). Evolution of plant pathogenicity in Streptomyces.?Annu. Rev. Phytopathol.,?44, 469-487."
Streptomyces turgidiscabies,Phytopathogen,"Bull, C. T., De Boer, S. H., Denny, T. P., Firrao, G., Saux, M. F. L., Saddler, G. S., ... & Takikawa, Y. (2010). Comprehensive list of names of plant pathogenic bacteria, 1980-2007.?Journal of plant pathology, 551-592."
Streptomyces wedmorensis,Phytopathogen,"Bull, C. T., De Boer, S. H., Denny, T. P., Firrao, G., Saux, M. F. L., Saddler, G. S., ... & Takikawa, Y. (2010). Comprehensive list of names of plant pathogenic bacteria, 1980-2007.?Journal of plant pathology, 551-592."
Tatumella morbirosei,Phytopathogen,"Bull, C. T., De Boer, S. H., Denny, T. P., Firrao, G., Fischer-Le Saux, M., Saddler, G. S., ... & Takikawa, Y. (2012). LIST OF NEW NAMES OF PLANT PATHOGENIC BACTERIA (2008-2010) Prepared by the International Society of Plant Pathology Committee on the Taxonomy of Plant Pathogenic Bacteria (ISPP-CTPPB).?Journal of Plant Pathology, 21-27."
Tatumella ptyseos,Phytopathogen,"Bull, C. T., De Boer, S. H., Denny, T. P., Firrao, G., Fischer-Le Saux, M., Saddler, G. S., ... & Takikawa, Y. (2012). LIST OF NEW NAMES OF PLANT PATHOGENIC BACTERIA (2008-2010) Prepared by the International Society of Plant Pathology Committee on the Taxonomy of Plant Pathogenic Bacteria (ISPP-CTPPB).?Journal of Plant Pathology, 21-27."
Trinickia caryophylli,Phytopathogen,"Jiao, J., Du, J., Frediansyah, A., Jahanshah, G., & Gross, H. (2020). Structure elucidation and biosynthetic locus of trinickiabactin from the plant pathogenic bacterium Trinickia caryophylli.?The Journal of Antibiotics,?73(1), 28-34."
Wautersia eutropha,Phytopathogen,"Louca, S., Parfrey, L. W., & Doebeli, M. (2016). Decoupling function and taxonomy in the global ocean microbiome.?Science,?353(6305), 1272-1277."
Xanthomonas albilineans,Phytopathogen,"Bull, C. T., De Boer, S. H., Denny, T. P., Firrao, G., Saux, M. F. L., Saddler, G. S., ... & Takikawa, Y. (2010). Comprehensive list of names of plant pathogenic bacteria, 1980-2007.?Journal of plant pathology, 551-592."
Xanthomonas alfalfae,Phytopathogen,"Bull, C. T., De Boer, S. H., Denny, T. P., Firrao, G., Saux, M. F. L., Saddler, G. S., ... & Takikawa, Y. (2010). Comprehensive list of names of plant pathogenic bacteria, 1980-2007.?Journal of plant pathology, 551-592."
Xanthomonas arboricola,Phytopathogen,"Bull, C. T., De Boer, S. H., Denny, T. P., Firrao, G., Saux, M. F. L., Saddler, G. S., ... & Takikawa, Y. (2010). Comprehensive list of names of plant pathogenic bacteria, 1980-2007.?Journal of plant pathology, 551-592."
Xanthomonas axonopodis,Phytopathogen,"Bull, C. T., De Boer, S. H., Denny, T. P., Firrao, G., Saux, M. F. L., Saddler, G. S., ... & Takikawa, Y. (2010). Comprehensive list of names of plant pathogenic bacteria, 1980-2007.?Journal of plant pathology, 551-592."
Xanthomonas beticola,Phytopathogen,"Louca, S., Parfrey, L. W., & Doebeli, M. (2016). Decoupling function and taxonomy in the global ocean microbiome.?Science,?353(6305), 1272-1277."
Xanthomonas bromi,Phytopathogen,"Bull, C. T., De Boer, S. H., Denny, T. P., Firrao, G., Saux, M. F. L., Saddler, G. S., ... & Takikawa, Y. (2010). Comprehensive list of names of plant pathogenic bacteria, 1980-2007.?Journal of plant pathology, 551-592."
Xanthomonas campestris,Phytopathogen,"Bull, C. T., De Boer, S. H., Denny, T. P., Firrao, G., Saux, M. F. L., Saddler, G. S., ... & Takikawa, Y. (2010). Comprehensive list of names of plant pathogenic bacteria, 1980-2007.?Journal of plant pathology, 551-592."
Xanthomonas cassavae,Phytopathogen,"Bull, C. T., De Boer, S. H., Denny, T. P., Firrao, G., Saux, M. F. L., Saddler, G. S., ... & Takikawa, Y. (2010). Comprehensive list of names of plant pathogenic bacteria, 1980-2007.?Journal of plant pathology, 551-592."
Xanthomonas citri,Phytopathogen,"Bull, C. T., De Boer, S. H., Denny, T. P., Firrao, G., Saux, M. F. L., Saddler, G. S., ... & Takikawa, Y. (2010). Comprehensive list of names of plant pathogenic bacteria, 1980-2007.?Journal of plant pathology, 551-592."
Xanthomonas codiaei,Phytopathogen,"Bull, C. T., De Boer, S. H., Denny, T. P., Firrao, G., Saux, M. F. L., Saddler, G. S., ... & Takikawa, Y. (2010). Comprehensive list of names of plant pathogenic bacteria, 1980-2007.?Journal of plant pathology, 551-592."
Xanthomonas cucurbitae,Phytopathogen,"Bull, C. T., De Boer, S. H., Denny, T. P., Firrao, G., Saux, M. F. L., Saddler, G. S., ... & Takikawa, Y. (2010). Comprehensive list of names of plant pathogenic bacteria, 1980-2007.?Journal of plant pathology, 551-592."
Xanthomonas cynarae,Phytopathogen,"Bull, C. T., De Boer, S. H., Denny, T. P., Firrao, G., Saux, M. F. L., Saddler, G. S., ... & Takikawa, Y. (2010). Comprehensive list of names of plant pathogenic bacteria, 1980-2007.?Journal of plant pathology, 551-592."
Xanthomonas dyei,Phytopathogen,"Bull, C. T., De Boer, S. H., Denny, T. P., Firrao, G., Fischer-Le Saux, M., Saddler, G. S., ... & Takikawa, Y. (2012). LIST OF NEW NAMES OF PLANT PATHOGENIC BACTERIA (2008-2010) Prepared by the International Society of Plant Pathology Committee on the Taxonomy of Plant Pathogenic Bacteria (ISPP-CTPPB).?Journal of Plant Pathology, 21-27."
Xanthomonas elusinea,Phytopathogen,"Louca, S., Parfrey, L. W., & Doebeli, M. (2016). Decoupling function and taxonomy in the global ocean microbiome.?Science,?353(6305), 1272-1277."
Xanthomonas euvesicatoria,Phytopathogen,"Bull, C. T., De Boer, S. H., Denny, T. P., Firrao, G., Saux, M. F. L., Saddler, G. S., ... & Takikawa, Y. (2010). Comprehensive list of names of plant pathogenic bacteria, 1980-2007.?Journal of plant pathology, 551-592."
Xanthomonas fragariae,Phytopathogen,"Bull, C. T., De Boer, S. H., Denny, T. P., Firrao, G., Saux, M. F. L., Saddler, G. S., ... & Takikawa, Y. (2010). Comprehensive list of names of plant pathogenic bacteria, 1980-2007.?Journal of plant pathology, 551-592."
Xanthomonas fuscans,Phytopathogen,"Bull, C. T., De Boer, S. H., Denny, T. P., Firrao, G., Saux, M. F. L., Saddler, G. S., ... & Takikawa, Y. (2010). Comprehensive list of names of plant pathogenic bacteria, 1980-2007.?Journal of plant pathology, 551-592."
Xanthomonas gardneri,Phytopathogen,"Bull, C. T., De Boer, S. H., Denny, T. P., Firrao, G., Saux, M. F. L., Saddler, G. S., ... & Takikawa, Y. (2010). Comprehensive list of names of plant pathogenic bacteria, 1980-2007.?Journal of plant pathology, 551-592."
Xanthomonas hortorum,Phytopathogen,"Bull, C. T., De Boer, S. H., Denny, T. P., Firrao, G., Saux, M. F. L., Saddler, G. S., ... & Takikawa, Y. (2010). Comprehensive list of names of plant pathogenic bacteria, 1980-2007.?Journal of plant pathology, 551-592."
Xanthomonas hyacinthi,Phytopathogen,"Bull, C. T., De Boer, S. H., Denny, T. P., Firrao, G., Saux, M. F. L., Saddler, G. S., ... & Takikawa, Y. (2010). Comprehensive list of names of plant pathogenic bacteria, 1980-2007.?Journal of plant pathology, 551-592."
Xanthomonas hydrangeae,Phytopathogen,"Dia, N. C., Van Vaerenbergh, J., Van Malderghem, C., Blom, J., Smits, T. H., Cottyn, B., & Pothier, J. F. (2021). Xanthomonas hydrangeae sp. nov., a novel plant pathogen isolated from Hydrangea arborescens.?International Journal of Systematic and Evolutionary Microbiology,?71(12), 005163."
Xanthomonas jasminii,Phytopathogen,"Louca, S., Parfrey, L. W., & Doebeli, M. (2016). Decoupling function and taxonomy in the global ocean microbiome.?Science,?353(6305), 1272-1277."
Xanthomonas marantae,Phytopathogen,"Louca, S., Parfrey, L. W., & Doebeli, M. (2016). Decoupling function and taxonomy in the global ocean microbiome.?Science,?353(6305), 1272-1277."
Xanthomonas melonis,Phytopathogen,"Bull, C. T., De Boer, S. H., Denny, T. P., Firrao, G., Saux, M. F. L., Saddler, G. S., ... & Takikawa, Y. (2010). Comprehensive list of names of plant pathogenic bacteria, 1980-2007.?Journal of plant pathology, 551-592."
Xanthomonas oryzae,Phytopathogen,"Bull, C. T., De Boer, S. H., Denny, T. P., Firrao, G., Saux, M. F. L., Saddler, G. S., ... & Takikawa, Y. (2010). Comprehensive list of names of plant pathogenic bacteria, 1980-2007.?Journal of plant pathology, 551-592."
Xanthomonas perforans,Phytopathogen,"Bull, C. T., De Boer, S. H., Denny, T. P., Firrao, G., Saux, M. F. L., Saddler, G. S., ... & Takikawa, Y. (2010). Comprehensive list of names of plant pathogenic bacteria, 1980-2007.?Journal of plant pathology, 551-592."
Xanthomonas pisi,Phytopathogen,"Bull, C. T., De Boer, S. H., Denny, T. P., Firrao, G., Saux, M. F. L., Saddler, G. S., ... & Takikawa, Y. (2010). Comprehensive list of names of plant pathogenic bacteria, 1980-2007.?Journal of plant pathology, 551-592."
Xanthomonas populi,Phytopathogen,"Bull, C. T., De Boer, S. H., Denny, T. P., Firrao, G., Saux, M. F. L., Saddler, G. S., ... & Takikawa, Y. (2010). Comprehensive list of names of plant pathogenic bacteria, 1980-2007.?Journal of plant pathology, 551-592."
Xanthomonas sacchari,Phytopathogen,"Bull, C. T., De Boer, S. H., Denny, T. P., Firrao, G., Saux, M. F. L., Saddler, G. S., ... & Takikawa, Y. (2010). Comprehensive list of names of plant pathogenic bacteria, 1980-2007.?Journal of plant pathology, 551-592."
Xanthomonas sontii,Phytopathogen,"Bansal, K., Kaur, A., Midha, S., Kumar, S., Korpole, S., & Patil, P. B. (2021). Xanthomonas sontii sp. nov., a non-pathogenic bacterium isolated from healthy basmati rice (Oryza sativa) seeds from India.?Antonie van Leeuwenhoek,?114(11), 1935-1947."
Xanthomonas stizolobiicola,Phytopathogen,"Louca, S., Parfrey, L. W., & Doebeli, M. (2016). Decoupling function and taxonomy in the global ocean microbiome.?Science,?353(6305), 1272-1277."
Xanthomonas theicola,Phytopathogen,"Bull, C. T., De Boer, S. H., Denny, T. P., Firrao, G., Saux, M. F. L., Saddler, G. S., ... & Takikawa, Y. (2010). Comprehensive list of names of plant pathogenic bacteria, 1980-2007.?Journal of plant pathology, 551-592."
Xanthomonas translucens,Phytopathogen,"Bull, C. T., De Boer, S. H., Denny, T. P., Firrao, G., Saux, M. F. L., Saddler, G. S., ... & Takikawa, Y. (2010). Comprehensive list of names of plant pathogenic bacteria, 1980-2007.?Journal of plant pathology, 551-592."
Xanthomonas vasicola,Phytopathogen,"Bull, C. T., De Boer, S. H., Denny, T. P., Firrao, G., Saux, M. F. L., Saddler, G. S., ... & Takikawa, Y. (2010). Comprehensive list of names of plant pathogenic bacteria, 1980-2007.?Journal of plant pathology, 551-592."
Xanthomonas vesicatoria,Phytopathogen,"Bull, C. T., De Boer, S. H., Denny, T. P., Firrao, G., Saux, M. F. L., Saddler, G. S., ... & Takikawa, Y. (2010). Comprehensive list of names of plant pathogenic bacteria, 1980-2007.?Journal of plant pathology, 551-592."
Xylella fastidiosa,Phytopathogen,"Bull, C. T., De Boer, S. H., Denny, T. P., Firrao, G., Saux, M. F. L., Saddler, G. S., ... & Takikawa, Y. (2010). Comprehensive list of names of plant pathogenic bacteria, 1980-2007.?Journal of plant pathology, 551-592."
Xylophilus ampelinus,Phytopathogen,"Bull, C. T., De Boer, S. H., Denny, T. P., Firrao, G., Saux, M. F. L., Saddler, G. S., ... & Takikawa, Y. (2010). Comprehensive list of names of plant pathogenic bacteria, 1980-2007.?Journal of plant pathology, 551-592."
Corynebacterium spp.,Phytopathogen,"Bull, C. T., De Boer, S. H., Denny, T. P., Firrao, G., Saux, M. F. L., Saddler, G. S., ... & Takikawa, Y. (2010). Comprehensive list of names of plant pathogenic bacteria, 1980-2007.?Journal of plant pathology, 551-592."
